GID,Name,Sex,Mobile,Email,Designation,Street_Address,City,State,Pincode
1,"Hanan Usmar",M,5085934450,smar0@google.pl,Manager,"3 Ridge Oak Center",Newton,Massachusetts,2162
2,"Celka Moyce",M,3232597458,yce1@alibaba.com,Administration,"19748 Dayton Lane","Long Beach",California,90805
3,"Averyl Paulus",M,5018201847,aulus2@answers.com,Student,"72 Barnett Drive","Little Rock",Arkansas,72222
4,"Caty Spinney",F,2066888881,csney3@goodreads.com,Manager,"98 Pine View Crossing",Seattle,Washington,98195
5,"Liv Engledow",M,3341600626,lene4@delicious.com,Security,"6 Eagle Crest Terrace",Montgomery,Alabama,36114
6,"Amble Seale",M,9188077117,asele5@people.com.cn,Professor,"6 Iowa Hill",Tulsa,Oklahoma,74126
7,"Edyth Fussey",M,9165636956,efy6@blogs.com,Accounting,"680 Rockefeller Place",Sacramento,California,95818
8,"Mic Le Friec",F,2052120871,mle7@marketwatch.com,Security,"27913 Bashford Crossing",Birmingham,Alabama,35285
9,"Kipp Bonifas",M,7189146827,kas8@paypal.com,Manager,"08 Di Loreto Park",Bronx,"New York",10459
10,"Ianthe Traylen",F,2028063152,itran9@reference.com,Student,"6533 Del Mar Trail",Washington,"District of Columbia",20268
11,"Emanuele Vakhlov",F,3201481166,evva@lycos.com,Security,"667 Pankratz Crossing","Saint Cloud",Minnesota,56372
12,"Celestyna Hasker",F,2063718090,chrb@baidu.com,Student,"56982 Buhler Plaza",Tacoma,Washington,98424
13,"Zacharie Scullin",M,3034054237,zsnc@auda.org.au,Administration,"43 Logan Junction",Denver,Colorado,80262
14,"Ianthe Sondland",M,8648581429,iso@late.com,Manager,"6614 Pine View Place",Spartanburg,"South Carolina",29319
15,"Clio Andrichuk",M,9152802041,canke@fastany.com,Accounting,"6 Towne Place","El Paso",Texas,79911
16,"Alleen Rodder",M,4148111300,arrf@furl.net,Manager,"455 Glacier Hill Park",Milwaukee,Wisconsin,53263
17,"Lilla Borit",F,8607656814,lbtg@abods.info,Professor,"7566 Express Avenue",Hartford,Connecticut,6140
18,"Orson Shoebotham",M,8132074827,oshmh@irs.gov,Professor,"5636 Cottonwood Parkway",Tampa,Florida,43620
19,"Maryanna Kitney",M,9417401198,mkyi@naer.com,Security,"29 Nelson Circle","Port Charlotte",Florida,33954
20,"Kristopher Dugmore",F,5179259384,kdorej@cnbc.com,Security,"4905 Carioca Terrace",Kalamazoo,Michigan,49048
