SID,Name,Sex,Mobile,Email,Address,Role
1,"Garey Stribbling",M,4993293932,gsng0@creaticons.org,Geji,Cook
2,"Mariquilla Dewhurst",F,4648308459,mdurst1@gcies.jp,Rendeng,Cook
3,"Trisha Donnett",F,4298870860,tdott2@blger.com,Afareaitu,Security
4,"Olympie Vlach",F,2099136371,ovh3@vkonte.ru,Kudara-Somon,Cleaner
5,"Marice Esp",F,2133584751,mp4@scrid.com,"Vicente Guerrero",Cleaner
6,"Eugene Bonnaire",M,6324602117,ebore5@slhare.net,Kolomanu,Security
7,"Norrie McClaurie",M,6481570950,nauie6@mtv.com,Cabuyao,Cleaner
8,"Ruggiero Slogrove",M,1583089925,rsove7@ifeng.com,Santa,Security
9,"Odetta Brailey",F,3453111965,obley8@phucket.com,"Santo Niño",Security
10,"Clare McMichan",F,1908929261,cmhan9@braites.com,"West Kelowna",Cleaner
11,"Lyn Margaret",F,4439452364,lmaeta@prld.com,Kyzyl-Oktyabr?skiy,Cleaner
12,"Merridie Roderigo",F,1417327525,mrodob@pracy.gov.au,Guohuan,Security
13,Barbara-anne,F,3512858275,bhackc@wed.com,Vaasa,Security
14,"Willis Georgievski",M,6122272319,wgeoskid@ine.uk,Billa,Cook
15,"Pincus Lambillion",M,1761659312,plane@jiathis.com,"Yuen Long Kau Hui",Cleaner
16,"Galven Wix",M,8236378684,gwixf@google.de,Jiakexi,Receptionist
17,"Raymond Couve",M,9164262166,rceg@commons.org,Sacramento,Receptionist
18,"Nil Habergham",M,7572466942,nhabh@unicef.org,Norfolk,Receptionist
19,"Verine Courtliff",F,7186399317,vfi@intel.com,Kostomuksha,Security
20,"Elnora Tillett",F,5065708138,etitj@mmedia.com,Maubara,Security
21,"Currie Grass",M,4976578122,cgsk@washgton.edu,"San Isidro",Cleaner
22,"Rose Cathrae",F,7183920343,rcael@naver.com,"Hoàn Ki?m",Receptionist
23,"Danika Bailiss",F,9918674338,dbsm@1688.com,Qesarya,Security
24,"Mamie Kinloch",F,7553650375,mkinn@webmd.com,Rabat,Cleaner
25,"Lynnett Gent",F,8038872174,lgo@instagram.com,"San Pedro",Security
26,"Bobbee Bloxam",F,6074948441,bbloamp@phcket.com,Meiqi,Security
27,"Corissa Fobidge",F,9217517428,cfgeq@netions.com,Daja,Cleaner
28,"Kaleena Browell",F,2861781757,kbrowr@baidu.com,Kuching,Security
29,"Dante Gledstane",M,3201630108,dglanes@tinypic.com,Malusac,Security
30,"Ed Gillise",M,6535732811,egset@state.gov,Limanowa,Cleaner
